Association of Washington Cities,AWCities,2221
Bainbridge Beach Naturalists,SustainBain,1150
Citizens for a Healthy Bay,chb_tacoma,1352
City of Arlington,ArlingtonWA,3172
City of Bainbridge Island,cityofbi,689
City of Bellevue,bellevuewa,2121
City of Bellingham,CityofBhamWA,1530
City of Bonney Lake,CityBonneyLake,928
City of Bothell,CityofBothell,893
City of Bremerton,CityofBremerton,329
City of Edmonds,edmondspw,215
City of Everett,EverettCity,877
City of Kent,cityofkent,2491
City of Kirkland,kirklandgov,1825
City of Lacey,CityofLacey,595
City of Lake Stevens,LakeStevensWA,239
City of Mukilteo,CityofMukilteo,936
City of Newcastle,CityofNewcastle,358
City of Oak Harbor,OakHarborWA,281
City of Olympia,cityofolympia,1397
City of Puyallup,CityofPuyallup,2476
City of Redmond,CityOfRedmond,2862
City of Seattle,CityofSeattle,1065
City of Sequim,cityofsequim,148
City of Snohomish,ExperienceSnoho,1889
Clallam County,clallamweb,934
Coupeville Middle School,CmsHSWolves,44
ENVIRON,ramboll,1267
Environmental Coaliton of South Seattle,ECOSS,299
Feet First,FEETFIRST_WA,2632
Feiro Marine Life Center,FeiroMarine,1161
Friends of the Issaquah Salmon Hatchery,issaquahfish,3010
Futurewise,FuturewiseWA,2258
Harbor Wildwatch,HarborWildWatch,2628
Hood Canal Salmon Enhancement,TheSalmonCenter,178
Indigenous Education Institute,IndigenousEDU,40
King Conservation District,King_CD_WA,292
King County,kcnews,1458
Kitsap County,KitsapWa,1602
Kitsap Public Health District,KitsapHealth,3
Long Live the Kings,Longlivekings,205
Lummi Tribe,lummicomm,3232
Mason County,HealthyMC,692
National Park Service,OlympicNP,406
National Wildlife Federation,NWF,2876
NatureBridge,NatureBridge,2390
Newcastle Weed Warriors,WeedWarriors,163
Nisqually River Council,NisquallyRC,29
Nisqually Tribe,NisquallyTribe,0
NMFS,NOAAFisheries,2406
NOAA,NOAA,1249
Nooksack Salmon Enhancement Association,NooksackSalmon,205
Northern Economics,NorthernEcon,1
Northwest Indian College,NWIndianCollege,100
Northwest Straits Commission,NWStraits,411
NOSC,SalmonCoalition,157
NPS,NatlParkService,701
NWFSC,NOAAFish_NWFSC,1093
NWIFC,nwifc,0
Olympic Outdoor Center,OlympicOutdoor,71
OrcaNet,orcanetwork,3208
Pierce County,PierceCo,2788
PNNL,PNNLab,2492
Point Defiance Zoo & Aquarium,PtDefianceZoo,310
Port of Tacoma,PortofTacoma,2910
Port Townsend Marine Science Center,PTMarineScience,954
PSP,PSPartnership,2905
Puget Sound Institute,PugetSoundInst,264
Puget Soundkeeper Alliance ,PugetSKeeper,2404
Puyallup Tribe,puyalluptribe,1
RE Sources,RESourcesTweet,323
Resource Media,Rmedia,3050
San Juan County,SanJuanCountyWA,36
SeaDoc Society,SeaDocSociety,373
Seattle Aquarium,SeattleAquarium,2903
Seattle Audubon,SeattleAudubon,1055
Sierra Club,sierraclub,1828
Skagit County,SkagitGov,634
Skagit Fisheries Enhancement,SkagitFisheries,265
Skagit Land Trust,SkagitLandTrust,216
Snohomish County,snocounty,2260
Sound Experience,SoundExperience,3061
Sound Salmon Solutions,SoundSalmon,390
SPU,SPUnews,969
Stanford,Stanford,3180
Stewardship Partners,StewardshipP,1145
Stillwaters Environmental Education Center,StillwatersEnv,0
Surfrider Foundation,Surfrider,3163
Taylor Shellfish Farms,taylorshellfish,2732
The Nature Conservancy,nature_org,2372
Thurston Conservation District,ThurstonCD,1020
Thurston County,ThurstonCounty,978
Trout Unlimited,TroutUnlimited,1977
Tulalip Tribe,Tulalip_Tribes,0
US Navy,USNavy,3107
USACOE,USACEHQ,3178
USCG,USCG,2668
USDA,USDA,2600
USEPA,EPA,2844
USFS,forestservice,1321
USFWS,USFWS,2105
UW,UW,1731
UW Tacoma,uwtacoma,1661
Vashon Beach Naturalists,VashonNatureCtr,33
WA State Association of Counties,WACounties,571
Washington Environmental Council,wecprotects,2136
Washington Sea Grant,WASeaGrant,1166
WDFW,WDFW,2907
WDNR,waDNR,2692
WDOE,EcologyWA,2688
WDOH,WA_DeptofHealth,1954
Whatcom County,Whatcomctygov,33
Whatcom ECO Net,WhatcomWIN,199
Whidbey/Camano Land Trust,WCLandTrust,47
Wolf Hollow Wildlife Rehabilitation Center,WolfHollowWRC,245
WSP,WAStatePks,2929
WSUX,wsuext,4
WSUX Jefferson,WSUJeffCo,208
WSUX Kitsap,WsuKitsapExt,2
WWU,WWU,2279
WWU/Huxley College on the Peninsulas,HuxleyCollege,235
