Node,Name,webpage,Unique host or domain,twitter
1,Adopt-a-Stream Foundation,http://www.streamkeeper.org/aasf/SITE_DIRECTORY.html,1,
2,Association of Washington Cities,http://www.awcnet.org,1,AWCities
3,Bainbridge Beach Naturalists,http://www.sustainablebainbridge.org/bainbridge-beach-naturalists,0,SustainBain
4,Bainbridge Island Watershed Council,http://www.biwatershedcouncil.org,1,
5,Chambers/Clover Watershed Council,http://www.piercecountywa.org/ccwc,1,
6,Chico Creek Task Force,http://www.chicocreektaskforce.org,1,
7,Citizens for a Healthy Bay,http://www.healthybay.org,1,chb_tacoma
8,Citizens of Orcas Island,,,
9,City of Arlington,http://www.arlingtonwa.gov,1,ArlingtonWA
10,City of Bainbridge Island,http://www.ci.bainbridge-isl.wa.us,1,cityofbi
11,City of Bellevue,http://www.ci.bellevue.wa.us,1,bellevuewa
12,City of Bellingham,https://www.cob.org,1,CityofBhamWA
13,City of Bonney Lake,http://www.ci.bonney-lake.wa.us,1,CityBonneyLake
14,City of Bothell,http://www.bothellwa.gov,1,CityofBothell
15,City of Bremerton,http://www.ci.bremerton.wa.us,1,CityofBremerton
16,City of Edmonds,http://www.edmondswa.gov,1,edmondspw
17,City of Everett,https://www.everettwa.gov,1,EverettCity
18,City of Gig Harbor,http://www.cityofgigharbor.net,1,
19,City of Kent,http://kentwa.gov,1,cityofkent
20,City of Kirkland,http://www.kirklandwa.gov,1,kirklandgov
21,City of Lacey,http://www.ci.lacey.wa.us,1,CityofLacey
22,City of Lake Stevens,http://www.lakestevenswa.gov,1,LakeStevensWA
23,City of Mill Creek,http://www.cityofmillcreek.com,1,
24,City of Milton,http://www.cityofmilton.net,1,
25,City of Mukilteo,http://mukilteowa.gov,1,CityofMukilteo
26,City of Newcastle,http://www.ci.newcastle.wa.us,1,CityofNewcastle
27,City of Oak Harbor,http://www.oakharbor.org,1,OakHarborWA
28,City of Olympia,http://olympiawa.gov,1,cityofolympia
29,City of Orting,http://cityoforting.org,1,
30,City of Port Angeles,http://wa-portangeles.civicplus.com,0,
31,City of Poulsbo,http://www.cityofpoulsbo.com,1,
32,City of Puyallup,http://www.cityofpuyallup.org,1,CityofPuyallup
33,City of Redmond,http://www.redmond.gov,1,CityOfRedmond
34,City of Sammamish,http://www.sammamish.us,1,
35,City of SeaTac,http://www.ci.seatac.wa.us,1,
36,City of Seattle,http://www.seattle.gov,1,CityofSeattle
37,City of Sequim,http://www.sequimwa.gov,1,cityofsequim
38,City of Snohomish,http://ci.snohomish.wa.us,1,ExperienceSnoho
39,City of Tumwater,http://www.ci.tumwater.wa.us,1,
40,Clallam Conservation District,http://clallamcd.org,1,
41,Clallam County,http://www.clallam.net,1,clallamweb
42,Clallam County Streamkeepers,http://www.clallam.net/SK,0,
43,Coupeville Middle School,http://coupeville.k12.wa.us/schools/coupeville-middle-school,0,CmsHSWolves
44,"Dumas & Associates, Inc.",http://www.dumas-assoc.com,1,
45,ENVIRON,http://www.ramboll-environ.com,1,ramboll
46,Environmental Coaliton of South Seattle,http://www.ecoss.org,1,ECOSS
47,Environmental Science Associates,http://www.esassoc.com,1,
48,Feet First,http://www.feetfirst.org,1,FEETFIRST_WA
49,Feiro Marine Life Center,http://feiromarinelifecenter.org,1,FeiroMarine
50,Friends of Freeland,http://www.friendsoffreeland.org,1,
51,Friends of North Creek Forest,http://www.friendsnorthcreekforest.org,1,
52,Friends of the Issaquah Salmon Hatchery,http://www.issaquahfish.org,1,issaquahfish
53,Friends of the San Juans,http://www.sanjuans.org,1,
54,Futurewise,http://www.futurewisewa.org,1,FuturewiseWA
55,Goff Consulting,http://www.soundscience-wa.com,1,
56,Great Peninsula Conservancy,http://www.greatpeninsula.org,1,
57,Greenfleet Monitoring Expeditions,http://greenfleetme.org,1,
58,Harbor Wildwatch,http://www.harborwildwatch.org,1,HarborWildWatch
59,HCCC,http://hccc.wa.gov,1,
60,Hood Canal Salmon Enhancement,http://pnwsalmoncenter.org,1,TheSalmonCenter
61,Indigenous Education Institute,http://indigenousedu.org/wp,1,IndigenousEDU
62,Island County,https://www.islandcountywa.gov,1,
63,Island County Water Resources Advisory Committee,http://www.islandcountywa.gov/Health/DNR/WRAC/Pages/Home,0,
64,Island MRC,http://www.islandcountymrc.org,1,
65,Island Salmon Recovery Lead Entity,,,
66,Jamestown S'Klallam Tribe,http://www.jamestowntribe.org,1,
67,Jefferson Conservation District,http://www.jeffersoncd.org,1,
68,Jefferson County,http://www.co.jefferson.wa.us,1,
69,Jefferson CWDAC,http://www.jeffersoncountypublichealth.org/index.php?clean-water-district,0,
70,Jefferson MRC,http://www.jeffersonmrc.org,1,
71,King Conservation District,http://kingcd.org,1,King_CD_WA
72,King County,http://www.kingcounty.gov,1,kcnews
73,Kitsap Conservation District,http://kitsapcd.org,1,
74,Kitsap County,http://www.kitsapgov.com,1,KitsapWa
75,Kitsap Public Health District,http://www.kitsappublichealth.org,1,KitsapHealth
76,Kitsap PUD,http://www.kpud.org/,1,
77,LakeWhatcom.org,http://lakewhatcom.org/,1,
78,Long Live the Kings,http://www.lltk.org/,1,Longlivekings
79,LOTT Clean Water Alliance,http://www.lottcleanwater.org/,1,
80,Lower Hood Canal Watershed Coalition,,,
81,Lummi Tribe,http://www.lummi-nsn.org/,1,lummicomm
82,Mason Conservation District,http://www.masoncd.org/,1,
83,Mason County,http://www.co.mason.wa.us/,1,HealthyMC
84,Mason County Public Health,http://www.co.mason.wa.us/health/,0,
85,National Park Service,https://www.nps.gov/olym/,0,OlympicNP
86,National Wildlife Federation,http://www.nwf.org/,1,NWF
87,NatureBridge,http://naturebridge.org/,1,NatureBridge
88,Newcastle Weed Warriors,http://www.weedwarriors.us/,1,WeedWarriors
89,Nisqually Land Trust,http://nisquallylandtrust.org/,1,
90,Nisqually River Council,http://nisquallyriver.org/,1,NisquallyRC
91,Nisqually River Foundation,http://nisquallyriver.org/who-we-are/nisqually-river-foundation/,0,
92,Nisqually Tribe,http://www.nisqually-nsn.gov/,1,NisquallyTribe
93,NMFS,http://www.nmfs.noaa.gov/,1,NOAAFisheries
94,NOAA,http://www.noaa.gov/,1,NOAA
95,Nooksack Salmon Enhancement Association,http://www.n-sea.org/,1,NooksackSalmon
96,Nooksack Tribe,http://nooksacktribe.org/,1,
97,North Olympic Land Trust,http://northolympiclandtrust.org/,1,
98,North Olympic Timber Action Committee,http://www.notac.org/,1,
99,Northern Economics,http://northerneconomics.com/,1,NorthernEcon
100,Northwest Indian College,http://www.nwic.edu/,1,NWIndianCollege
101,Northwest Straits Commission,http://www.nwstraits.org/,1,NWStraits
102,NOSC,http://nosc.org/,1,SalmonCoalition
103,NPS,http://www.nps.gov/,1,NatlParkService
104,NWFSC,https://www.nwfsc.noaa.gov/,1,NOAAFish_NWFSC
105,NWIFC,http://nwifc.org/,1,nwifc
106,Olympic Outdoor Center,http://www.olympicoutdoorcenter.com/,1,OlympicOutdoor
107,OrcaNet,http://www.orcanetwork.org/Main/,1,orcanetwork
108,Pacific Denkmann Company,,,
109,Padilla Bay National Estuarine Research Reserve,http://www.padillabay.gov/,1,
110,Pierce Conservation District,http://www.piercecountycd.org/,1,
111,Pierce County,http://www.co.pierce.wa.us/,1,PierceCo
112,PNNL,http://www.pnnl.gov/,1,PNNLab
113,Point Defiance Zoo & Aquarium,http://www.pdza.org/,1,PtDefianceZoo
114,Point No Point Treaty Council,http://www.pnptc.org/,1,
115,Port of Port Angeles,http://www.portofpa.com/,1,
116,Port of Tacoma,http://portoftacoma.com/,1,PortofTacoma
117,Port Townsend Marine Science Center,http://www.ptmsc.org/,1,PTMarineScience
118,PSP,http://www.psp.wa.gov/,1,PSPartnership
119,PSP Leadership Council,http://www.psp.wa.gov/LC_about.php,0,
120,Puget Sound Institute,http://www.tacoma.uw.edu/center-urban-waters/puget-sound-institute-social-links,0,PugetSoundInst
121,Puget Soundkeeper Alliance ,http://www.pugetsoundkeeper.org/,1,PugetSKeeper
122,Puyallup Tribe,http://www.puyallup-tribe.com,1,puyalluptribe
123,RE Sources,http://www.re-sources.org/,1,RESourcesTweet
124,Resource Media,http://www.resource-media.org/,1,Rmedia
125,Salmon Recovery Funding Board,http://www.rco.wa.gov/boards/srfb.shtml,0,
126,San Juan County,http://sanjuanco.com/,1,SanJuanCountyWA
127,San Juan County Land Bank,http://sjclandbank.org/,1,
128,San Juan County Water Resources Management Committee,http://www.sanjuanco.com/440/Water-Resource-Management-Committee,0,
129,San Juan ECO Net,http://stewardshipsanjuans.org/,1,
130,San Juan MRC,http://www.sjcmrc.org/,1,
131,SeaDoc Society,http://www.seadocsociety.org/,1,SeaDocSociety
132,Seattle Aquarium,http://www.seattleaquarium.org/,1,SeattleAquarium
133,Seattle Audubon,http://www.seattleaudubon.org,1,SeattleAudubon
134,Sierra Club,http://www.sierraclub.org/,1,sierraclub
135,Skagit Conservation District,http://www.skagitcd.org/,1,
136,Skagit County,http://www.skagitcounty.net,1,SkagitGov
137,Skagit Fisheries Enhancement,http://www.skagitfisheries.org/,1,SkagitFisheries
138,Skagit Land Trust,http://www.skagitlandtrust.org/,1,SkagitLandTrust
139,Skagit MRC,http://www.skagitmrc.org/,1,
140,Skagit River System Cooperative,http://skagitcoop.org/,1,
141,Skagit Tribe,http://upperskagit.nsopw.gov,1,
142,Skokomish Tribe,http://www.skokomish.org/,1,
143,Snohomish Conservation District,http://snohomishcd.org/,1,
144,Snohomish County,http://snohomishcountywa.gov/,1,snocounty
145,Snohomish MRC,http://www.snocomrc.org/,1,
146,Snohomish Stillaguamish LIO,http://snohomishcountywa.gov/831/Local-Integrating-Organization,0,
147,Snoqualmie Watershed Forum,http://www.govlink.org/watersheds/7/,0,
148,Sound Experience,http://www.soundexp.org/,1,SoundExperience
149,Sound Salmon Solutions,http://www.soundsalmonsolutions.org/,1,SoundSalmon
150,South Puget Sound LIO,http://www.healthysouthsound.org/,1,
151,South Puget Sound Salmon Enhancement,http://spsseg.org/,1,
152,South Sound LIO,http://www.healthysouthsound.org/,1,
153,South Sound Phase II Group,,,
154,South Whidbey Tilth,http://www.southwhidbeytilth.org/,1,
155,Southwest Fisheries Science Center,https://swfsc.noaa.gov/,1,
156,SPU,http://spu.edu/,1,SPUnews
157,Stanford,http://www.stanford.edu/,1,Stanford
158,Stewardship Partners,http://www.stewardshippartners.org/,1,StewardshipP
159,Still Hope Productions,http://stillhopeproductions.weebly.com/,1,
160,Stillaguamish Clean Water District,http://snohomishcountywa.gov/169/CWD-Advisory-Board,0,
161,Stillaguamish Tribe,http://www.stillaguamish.com/,1,
162,Stillaguamish Watershed Council,http://www.stillaguamishwatershed.org/,1,
163,Stillwaters Environmental Education Center,http://www.stillwatersenvironmentalcenter.org/,1,StillwatersEnv
164,Sudden Valley Community Association,http://suddenvalley.com/,1,
165,Suquamish Tribe,http://www.suquamish.nsn.us/,1,
166,Surfrider Foundation,http://www.surfrider.org/,1,Surfrider
167,Taylor Shellfish Farms,http://www.taylorshellfishfarms.com/,1,taylorshellfish
168,The Nature Conservancy,http://www.nature.org/,1,nature_org
169,Thurston Conservation District,http://www.thurstoncd.com/,1,ThurstonCD
170,Thurston County,http://www.co.thurston.wa.us,1,ThurstonCounty
171,Trout Unlimited,http://www.tu.org/,1,TroutUnlimited
172,Tulalip Tribe,https://www.tulaliptribes-nsn.gov/,1,Tulalip_Tribes
173,Urban Wilderness Project,http://www.urbanwildernessproject.org/,1,
174,US Navy,http://www.navy.mil/,1,USNavy
175,USACOE,http://www.usace.army.mil/,1,USACEHQ
176,USCG,http://www.uscg.mil/,1,USCG
177,USDA,http://www.usda.gov,1,USDA
178,USEPA,https://www3.epa.gov/,1,EPA
179,USFS,http://www.fs.fed.us/,1,forestservice
180,USFWS,http://www.fws.gov/,1,USFWS
181,UW,http://www.washington.edu/,1,UW
182,UW Tacoma,http://www.tacoma.uw.edu/,1,uwtacoma
183,Vashon Beach Naturalists,http://vashonnaturecenter.org,1,VashonNatureCtr
184,WA State Association of Counties,http://www.wsac.org/,1,WACounties
185,Washington Environmental Council,https://wecprotects.org/,1,wecprotects
186,Washington Sea Grant,https://wsg.washington.edu/,1,WASeaGrant
187,Washington Trollers Association,http://www.washingtontrollers.org/,1,
188,Water Tenders,http://www.watertenders.org/,1,
189,WDFW,http://wdfw.wa.gov/,1,WDFW
190,WDNR,http://www.dnr.wa.gov/,1,waDNR
191,WDOE,http://www.ecy.wa.gov/,1,EcologyWA
192,WDOH,http://www.doh.wa.gov/,1,WA_DeptofHealth
193,West Sound Watershed Council,http://www.westsoundwatersheds.org/,1,
194,Whatcom County,http://www.whatcomcounty.us/,1,Whatcomctygov
195,Whatcom ECO Net,http://www.whatcomwin.org/,1,WhatcomWIN
196,Whatcom MRC,http://www.mrc.whatcomcounty.org/,1,
197,Whidbey Conservation District,http://www.whidbeycd.org/,1,
198,Whidbey ECO Net,http://whidbey-eco.net/,1,
199,Whidbey Environmental Action Network,http://www.whidbeyenvironment.org,1,
200,Whidbey/Camano Land Trust,http://www.wclt.org/,1,WCLandTrust
201,Wild Fish Conservancy,http://wildfishconservancy.org/,1,
202,Wolf Hollow Wildlife Rehabilitation Center,http://wolfhollowwildlife.org/,1,WolfHollowWRC
203,WRCO,http://www.rco.wa.gov/,1,
204,WRIA 10/12,http://www.co.pierce.wa.us/index.aspx?NID=2873,0,
205,WRIA 2,,,
206,WRIA 2 TAG,http://www.sanjuanlio.com,1,
207,WRIA 6,,,
208,WRIA 8,http://www.govlink.org/watersheds/8/default.aspx,0,
209,WRIA 9,http://www.govlink.org/watersheds/9/,0,
210,WSP,http://parks.state.wa.us/,1,WAStatePks
211,WSUX,http://extension.wsu.edu/,1,wsuext
212,WSUX Beachwatchers,http://ext100.wsu.edu/water/,0,
213,WSUX CarbonMasters,http://carbonmasters.wsu.edu/,1,
214,WSUX Clallam,http://ext100.wsu.edu/clallam/,0,
215,WSUX Island Waste Wise,http://extension.wsu.edu/island/nrs/waste-wise/,0,
216,WSUX Jefferson,http://ext100.wsu.edu/jefferson/,0,WSUJeffCo
217,WSUX Kitsap,http://ext100.wsu.edu/kitsap/,0,WsuKitsapExt
218,WSUX Mason,http://extension.wsu.edu/mason/,0,
219,WSUX Thurston,http://extension.wsu.edu/thurston/,0,
220,WWU,http://www.wwu.edu/,1,WWU
221,WWU/Huxley College on the Peninsulas,https://huxley.wwu.edu/,1,HuxleyCollege
