http://www.streamkeeper.org/aasf/SITE_DIRECTORY.html,Adopt-a-Stream Foundation
http://www.awcnet.org,Association of Washington Cities
http://www.sustainablebainbridge.org/bainbridge-beach-naturalists,Bainbridge Beach Naturalists
http://www.biwatershedcouncil.org,Bainbridge Island Watershed Council
http://www.piercecountywa.org/ccwc,Chambers/Clover Watershed Council
http://www.chicocreektaskforce.org,Chico Creek Task Force
http://www.healthybay.org,Citizens for a Healthy Bay
http://www.arlingtonwa.gov,City of Arlington
http://www.ci.bainbridge-isl.wa.us,City of Bainbridge Island
http://www.ci.bellevue.wa.us,City of Bellevue
https://www.cob.org,City of Bellingham
http://www.ci.bonney-lake.wa.us,City of Bonney Lake
http://www.bothellwa.gov,City of Bothell
http://www.ci.bremerton.wa.us,City of Bremerton
http://www.edmondswa.gov,City of Edmonds
https://www.everettwa.gov,City of Everett
http://www.cityofgigharbor.net,City of Gig Harbor
http://kentwa.gov,City of Kent
http://www.kirklandwa.gov,City of Kirkland
http://www.ci.lacey.wa.us,City of Lacey
http://www.lakestevenswa.gov,City of Lake Stevens
http://www.cityofmillcreek.com,City of Mill Creek
http://www.cityofmilton.net,City of Milton
http://mukilteowa.gov,City of Mukilteo
http://www.ci.newcastle.wa.us,City of Newcastle
http://www.oakharbor.org,City of Oak Harbor
http://olympiawa.gov,City of Olympia
http://cityoforting.org,City of Orting
http://wa-portangeles.civicplus.com,City of Port Angeles
http://www.cityofpoulsbo.com,City of Poulsbo
http://www.cityofpuyallup.org,City of Puyallup
http://www.redmond.gov,City of Redmond
http://www.sammamish.us,City of Sammamish
http://www.ci.seatac.wa.us,City of SeaTac
http://www.seattle.gov,City of Seattle
http://www.sequimwa.gov,City of Sequim
http://ci.snohomish.wa.us,City of Snohomish
http://www.ci.tumwater.wa.us,City of Tumwater
http://clallamcd.org,Clallam Conservation District
http://www.clallam.net,Clallam County
http://www.clallam.net/SK,Clallam County Streamkeepers
http://coupeville.k12.wa.us/schools/coupeville-middle-school,Coupeville Middle School
http://www.dumas-assoc.com,"Dumas & Associates, Inc."
http://www.ramboll-environ.com,ENVIRON
http://www.ecoss.org,Environmental Coaliton of South Seattle
http://www.esassoc.com,Environmental Science Associates
http://www.feetfirst.org,Feet First
http://feiromarinelifecenter.org,Feiro Marine Life Center
http://www.friendsoffreeland.org,Friends of Freeland
http://www.friendsnorthcreekforest.org,Friends of North Creek Forest
http://www.issaquahfish.org,Friends of the Issaquah Salmon Hatchery
http://www.sanjuans.org,Friends of the San Juans
http://www.futurewisewa.org,Futurewise
http://www.soundscience-wa.com,Goff Consulting
http://www.greatpeninsula.org,Great Peninsula Conservancy
http://greenfleetme.org,Greenfleet Monitoring Expeditions
http://www.harborwildwatch.org,Harbor Wildwatch
http://hccc.wa.gov,HCCC
http://pnwsalmoncenter.org,Hood Canal Salmon Enhancement
http://indigenousedu.org/wp,Indigenous Education Institute
https://www.islandcountywa.gov,Island County
http://www.islandcountywa.gov/Health/DNR/WRAC/Pages/Home,Island County Water Resources Advisory Committee
http://www.islandcountymrc.org,Island MRC
http://www.jamestowntribe.org,Jamestown S'Klallam Tribe
http://www.jeffersoncd.org,Jefferson Conservation District
http://www.co.jefferson.wa.us,Jefferson County
http://www.jeffersoncountypublichealth.org/index.php?clean-water-district,Jefferson CWDAC
http://www.jeffersonmrc.org,Jefferson MRC
http://kingcd.org,King Conservation District
http://www.kingcounty.gov,King County
http://kitsapcd.org,Kitsap Conservation District
http://www.kitsapgov.com,Kitsap County
http://www.kitsappublichealth.org,Kitsap Public Health District
http://www.kpud.org/,Kitsap PUD
http://lakewhatcom.org/,LakeWhatcom.org
http://www.lltk.org/,Long Live the Kings
http://www.lottcleanwater.org/,LOTT Clean Water Alliance
http://www.lummi-nsn.org/,Lummi Tribe
http://www.masoncd.org/,Mason Conservation District
http://www.co.mason.wa.us/,Mason County
http://www.co.mason.wa.us/health/,Mason County Public Health
https://www.nps.gov/olym/,National Park Service
http://www.nwf.org/,National Wildlife Federation
http://naturebridge.org/,NatureBridge
http://www.weedwarriors.us/,Newcastle Weed Warriors
http://nisquallylandtrust.org/,Nisqually Land Trust
http://nisquallyriver.org/,Nisqually River Council
http://nisquallyriver.org/who-we-are/nisqually-river-foundation/,Nisqually River Foundation
http://www.nisqually-nsn.gov/,Nisqually Tribe
http://www.nmfs.noaa.gov/,NMFS
http://www.noaa.gov/,NOAA
http://www.n-sea.org/,Nooksack Salmon Enhancement Association
http://nooksacktribe.org/,Nooksack Tribe
http://northolympiclandtrust.org/,North Olympic Land Trust
http://www.notac.org/,North Olympic Timber Action Committee
http://northerneconomics.com/,Northern Economics
http://www.nwic.edu/,Northwest Indian College
http://www.nwstraits.org/,Northwest Straits Commission
http://nosc.org/,NOSC
http://www.nps.gov/,NPS
https://www.nwfsc.noaa.gov/,NWFSC
http://nwifc.org/,NWIFC
http://www.olympicoutdoorcenter.com/,Olympic Outdoor Center
http://www.orcanetwork.org/Main/,OrcaNet
http://www.padillabay.gov/,Padilla Bay National Estuarine Research Reserve
http://www.piercecountycd.org/,Pierce Conservation District
http://www.co.pierce.wa.us/,Pierce County
http://www.pnnl.gov/,PNNL
http://www.pdza.org/,Point Defiance Zoo & Aquarium
http://www.pnptc.org/,Point No Point Treaty Council
http://www.portofpa.com/,Port of Port Angeles
http://portoftacoma.com/,Port of Tacoma
http://www.ptmsc.org/,Port Townsend Marine Science Center
http://www.psp.wa.gov/,PSP
http://www.psp.wa.gov/LC_about.php,PSP Leadership Council
http://www.tacoma.uw.edu/center-urban-waters/puget-sound-institute-social-links,Puget Sound Institute
http://www.pugetsoundkeeper.org/,Puget Soundkeeper Alliance 
http://www.puyallup-tribe.com,Puyallup Tribe
http://www.re-sources.org/,RE Sources
http://www.resource-media.org/,Resource Media
http://www.rco.wa.gov/boards/srfb.shtml,Salmon Recovery Funding Board
http://sanjuanco.com/,San Juan County
http://sjclandbank.org/,San Juan County Land Bank
http://www.sanjuanco.com/440/Water-Resource-Management-Committee,San Juan County Water Resources Management Committee
http://stewardshipsanjuans.org/,San Juan ECO Net
http://www.sjcmrc.org/,San Juan MRC
http://www.seadocsociety.org/,SeaDoc Society
http://www.seattleaquarium.org/,Seattle Aquarium
http://www.seattleaudubon.org,Seattle Audubon
http://www.sierraclub.org/,Sierra Club
http://www.skagitcd.org/,Skagit Conservation District
http://www.skagitcounty.net,Skagit County
http://www.skagitfisheries.org/,Skagit Fisheries Enhancement
http://www.skagitlandtrust.org/,Skagit Land Trust
http://www.skagitmrc.org/,Skagit MRC
http://skagitcoop.org/,Skagit River System Cooperative
http://www.skokomish.org/,Skokomish Tribe
http://snohomishcd.org/,Snohomish Conservation District
http://snohomishcountywa.gov/,Snohomish County
http://www.snocomrc.org/,Snohomish MRC
http://snohomishcountywa.gov/831/Local-Integrating-Organization,Snohomish Stillaguamish LIO
http://www.govlink.org/watersheds/7/,Snoqualmie Watershed Forum
http://www.soundexp.org/,Sound Experience
http://www.soundsalmonsolutions.org/,Sound Salmon Solutions
http://www.healthysouthsound.org/,South Puget Sound LIO
http://spsseg.org/,South Puget Sound Salmon Enhancement
http://www.healthysouthsound.org/,South Sound LIO
http://www.southwhidbeytilth.org/,South Whidbey Tilth
https://swfsc.noaa.gov/,Southwest Fisheries Science Center
http://spu.edu/,SPU
http://www.stanford.edu/,Stanford
http://www.stewardshippartners.org/,Stewardship Partners
http://stillhopeproductions.weebly.com/,Still Hope Productions
http://snohomishcountywa.gov/169/CWD-Advisory-Board,Stillaguamish Clean Water District
http://www.stillaguamish.com/,Stillaguamish Tribe
http://www.stillaguamishwatershed.org/,Stillaguamish Watershed Council
http://www.stillwatersenvironmentalcenter.org/,Stillwaters Environmental Education Center
http://suddenvalley.com/,Sudden Valley Community Association
http://www.suquamish.nsn.us/,Suquamish Tribe
http://www.surfrider.org/,Surfrider Foundation
http://www.taylorshellfishfarms.com/,Taylor Shellfish Farms
http://www.nature.org/,The Nature Conservancy
http://www.thurstoncd.com/,Thurston Conservation District
http://www.co.thurston.wa.us,Thurston County
http://www.tu.org/,Trout Unlimited
https://www.tulaliptribes-nsn.gov/,Tulalip Tribe
http://www.urbanwildernessproject.org/,Urban Wilderness Project
http://www.navy.mil/,US Navy
http://www.usace.army.mil/,USACOE
http://www.uscg.mil/,USCG
http://www.usda.gov,USDA
https://www3.epa.gov/,USEPA
http://www.fs.fed.us/,USFS
http://www.fws.gov/,USFWS
http://www.washington.edu/,UW
http://www.tacoma.uw.edu/,UW Tacoma
http://vashonnaturecenter.org,Vashon Beach Naturalists
http://www.wsac.org/,WA State Association of Counties
https://wecprotects.org/,Washington Environmental Council
https://wsg.washington.edu/,Washington Sea Grant
http://www.washingtontrollers.org/,Washington Trollers Association
http://www.watertenders.org/,Water Tenders
http://wdfw.wa.gov/,WDFW
http://www.dnr.wa.gov/,WDNR
http://www.ecy.wa.gov/,WDOE
http://www.doh.wa.gov/,WDOH
http://www.westsoundwatersheds.org/,West Sound Watershed Council
http://www.whatcomcounty.us/,Whatcom County
http://www.whatcomwin.org/,Whatcom ECO Net
http://www.mrc.whatcomcounty.org/,Whatcom MRC
http://www.whidbeycd.org/,Whidbey Conservation District
http://whidbey-eco.net/,Whidbey ECO Net
http://www.whidbeyenvironment.org,Whidbey Environmental Action Network
http://www.wclt.org/,Whidbey/Camano Land Trust
http://wildfishconservancy.org/,Wild Fish Conservancy
http://wolfhollowwildlife.org/,Wolf Hollow Wildlife Rehabilitation Center
http://www.rco.wa.gov/,WRCO
http://www.co.pierce.wa.us/index.aspx?NID=2873,WRIA 10/12
http://www.sanjuanlio.com,WRIA 2 TAG
http://www.govlink.org/watersheds/8/default.aspx,WRIA 8
http://www.govlink.org/watersheds/9/,WRIA 9
http://parks.state.wa.us/,WSP
http://extension.wsu.edu/,WSUX
http://ext100.wsu.edu/water/,WSUX Beachwatchers
http://carbonmasters.wsu.edu/,WSUX CarbonMasters
http://ext100.wsu.edu/clallam/,WSUX Clallam
http://extension.wsu.edu/island/nrs/waste-wise/,WSUX Island Waste Wise
http://ext100.wsu.edu/jefferson/,WSUX Jefferson
http://ext100.wsu.edu/kitsap/,WSUX Kitsap
http://extension.wsu.edu/mason/,WSUX Mason
http://extension.wsu.edu/thurston/,WSUX Thurston
http://www.wwu.edu/,WWU
https://huxley.wwu.edu/,WWU/Huxley College on the Peninsulas
